CREATE DATABASE  IF NOT EXISTS `m_bus` /*!40100 DEFAULT CHARACTER SET utf8 */;
USE `m_bus`;
-- MySQL dump 10.13  Distrib 5.7.9, for osx10.9 (x86_64)
--
-- Host: localhost    Database: m_bus
-- ------------------------------------------------------
-- Server version	5.7.9

/*!40101 SET @OLD_CHARACTER_SET_CLIENT=@@CHARACTER_SET_CLIENT */;
/*!40101 SET @OLD_CHARACTER_SET_RESULTS=@@CHARACTER_SET_RESULTS */;
/*!40101 SET @OLD_COLLATION_CONNECTION=@@COLLATION_CONNECTION */;
/*!40101 SET NAMES utf8 */;
/*!40103 SET @OLD_TIME_ZONE=@@TIME_ZONE */;
/*!40103 SET TIME_ZONE='+00:00' */;
/*!40014 SET @OLD_UNIQUE_CHECKS=@@UNIQUE_CHECKS, UNIQUE_CHECKS=0 */;
/*!40014 SET @OLD_FOREIGN_KEY_CHECKS=@@FOREIGN_KEY_CHECKS, FOREIGN_KEY_CHECKS=0 */;
/*!40101 SET @OLD_SQL_MODE=@@SQL_MODE, SQL_MODE='NO_AUTO_VALUE_ON_ZERO' */;
/*!40111 SET @OLD_SQL_NOTES=@@SQL_NOTES, SQL_NOTES=0 */;

--
-- Table structure for table `bus_info`
--

DROP TABLE IF EXISTS `bus_info`;
/*!40101 SET @saved_cs_client     = @@character_set_client */;
/*!40101 SET character_set_client = utf8 */;
CREATE TABLE `bus_info` (
  `bus_id` int(11) NOT NULL AUTO_INCREMENT,
  `bus_no_th` varchar(45) NOT NULL,
  `bus_no_en` varchar(45) NOT NULL,
  `detail_th` varchar(2000) DEFAULT NULL,
  `detail_en` varchar(2000) DEFAULT NULL,
  `bus_pic` varchar(250) DEFAULT NULL,
  `start_time` datetime NOT NULL,
  `end_time` datetime NOT NULL,
  `bus_price` varchar(45) NOT NULL COMMENT '‘0’ = Free\n‘0,6.5’ = Free or 6.5 Baht\n’10-35(2.5)’ = Minimum is 10 Baht, Maximum is 35 Baht, Increase every 2.5 Baht per Bus Point\n',
  PRIMARY KEY (`bus_id`)
) ENGINE=InnoDB AUTO_INCREMENT=15 DEFAULT CHARSET=utf8;
/*!40101 SET character_set_client = @saved_cs_client */;

--
-- Dumping data for table `bus_info`
--

LOCK TABLES `bus_info` WRITE;
/*!40000 ALTER TABLE `bus_info` DISABLE KEYS */;
INSERT INTO `bus_info` VALUES (12,'22','22','สาย 22','No 22','','1000-01-01 00:00:00','1000-01-01 23:59:00','10'),(13,'15','15','สาย 15 ครับ','No 15 ja','','1000-01-01 00:00:00','1000-01-01 23:59:00','6.5'),(14,'4','4','สาย 4','No 4','','1000-01-01 00:00:00','1000-01-01 23:59:00','8');
/*!40000 ALTER TABLE `bus_info` ENABLE KEYS */;
UNLOCK TABLES;

--
-- Table structure for table `bus_line`
--

DROP TABLE IF EXISTS `bus_line`;
/*!40101 SET @saved_cs_client     = @@character_set_client */;
/*!40101 SET character_set_client = utf8 */;
CREATE TABLE `bus_line` (
  `p1_id` int(11) NOT NULL,
  `p2_id` int(11) NOT NULL,
  `distance` double NOT NULL,
  `bus_id` int(11) NOT NULL,
  `type` int(11) NOT NULL,
  KEY `p1_id_idx` (`p1_id`),
  KEY `p2_id_idx` (`p2_id`),
  KEY `bus_id_idx` (`bus_id`),
  CONSTRAINT `bus_line_bus_id` FOREIGN KEY (`bus_id`) REFERENCES `bus_info` (`bus_id`) ON DELETE NO ACTION ON UPDATE NO ACTION,
  CONSTRAINT `bus_line_p1_id` FOREIGN KEY (`p1_id`) REFERENCES `point_info` (`p_id`) ON DELETE NO ACTION ON UPDATE NO ACTION,
  CONSTRAINT `bus_line_p2_id` FOREIGN KEY (`p2_id`) REFERENCES `point_info` (`p_id`) ON DELETE NO ACTION ON UPDATE NO ACTION
) ENGINE=InnoDB DEFAULT CHARSET=utf8;
/*!40101 SET character_set_client = @saved_cs_client */;

--
-- Dumping data for table `bus_line`
--

LOCK TABLES `bus_line` WRITE;
/*!40000 ALTER TABLE `bus_line` DISABLE KEYS */;
INSERT INTO `bus_line` VALUES (200,203,163.35544068074378,12,0),(201,200,126.4792473095883,12,0),(202,201,85.0235261559999,12,0),(196,202,162.19741058352318,12,0),(197,196,43.174066289845804,12,0),(196,195,145.52319402761884,13,0),(195,194,130.31116606031887,13,0),(198,199,104.546640309481,14,0),(194,198,108.6830253535482,14,0),(201,194,77.10382610480494,14,0),(196,197,43.174066289845804,13,0),(208,207,179.17868176767013,14,0),(204,208,167.7647161950331,14,0),(205,204,159.53056133543816,14,0),(206,205,133.2216198670471,14,0),(199,206,76.68767828015137,14,0),(211,210,80.06247560499239,12,0),(212,211,96.77293009927931,12,0),(199,212,108.07404868885037,12,0),(209,199,80.60397012554654,12,0),(205,209,120.06664815842908,12,0),(203,205,72.34638899074369,12,0),(215,214,104.01922899156675,13,0),(206,215,100.43903623591775,13,0),(199,206,76.68767828015137,13,0),(213,199,188.79883474216678,13,0),(194,213,90.4267659490264,13,0);
/*!40000 ALTER TABLE `bus_line` ENABLE KEYS */;
UNLOCK TABLES;

--
-- Table structure for table `bus_path`
--

DROP TABLE IF EXISTS `bus_path`;
/*!40101 SET @saved_cs_client     = @@character_set_client */;
/*!40101 SET character_set_client = utf8 */;
CREATE TABLE `bus_path` (
  `source_id` int(11) NOT NULL,
  `destination_id` int(11) NOT NULL,
  `bus_path` varchar(3000) NOT NULL
) ENGINE=InnoDB DEFAULT CHARSET=utf8;
/*!40101 SET character_set_client = @saved_cs_client */;

--
-- Dumping data for table `bus_path`
--

LOCK TABLES `bus_path` WRITE;
/*!40000 ALTER TABLE `bus_path` DISABLE KEYS */;
INSERT INTO `bus_path` VALUES (194,195,'194->195'),(194,196,'194->195->196'),(194,197,'194->195->196->197'),(194,198,'194->198'),(194,199,'194->198->199'),(194,200,'194->201->200'),(194,201,'194->201'),(194,202,'194->201->202'),(194,203,'194->201->200->203'),(194,204,'194->198->199->209->205->204'),(194,205,'194->198->199->209->205'),(194,206,'194->198->199->206'),(194,207,'194->198->199->209->205->204->208->207'),(194,208,'194->198->199->209->205->204->208'),(194,209,'194->198->199->209'),(194,210,'194->198->199->212->211->210'),(194,211,'194->198->199->212->211'),(194,212,'194->198->199->212'),(194,213,'194->213'),(194,214,'194->198->199->206->215->214'),(194,215,'194->198->199->206->215'),(195,194,'195->194'),(195,196,'195->196'),(195,197,'195->196->197'),(195,198,'195->194->198'),(195,199,'195->194->198->199'),(195,200,'195->194->201->200'),(195,201,'195->194->201'),(195,202,'195->194->201->202'),(195,203,'195->194->201->200->203'),(195,204,'195->194->198->199->209->205->204'),(195,205,'195->194->198->199->209->205'),(195,206,'195->194->198->199->206'),(195,207,'195->194->198->199->209->205->204->208->207'),(195,208,'195->194->198->199->209->205->204->208'),(195,209,'195->194->198->199->209'),(195,210,'195->194->198->199->212->211->210'),(195,211,'195->194->198->199->212->211'),(195,212,'195->194->198->199->212'),(195,213,'195->194->213'),(195,214,'195->194->198->199->206->215->214'),(195,215,'195->194->198->199->206->215'),(196,194,'196->195->194'),(196,195,'196->195'),(196,197,'196->197'),(196,198,'196->195->194->198'),(196,199,'196->195->194->198->199'),(196,200,'196->202->201->200'),(196,201,'196->202->201'),(196,202,'196->202'),(196,203,'196->202->201->200->203'),(196,204,'196->202->201->200->203->205->204'),(196,205,'196->202->201->200->203->205'),(196,206,'196->195->194->198->199->206'),(196,207,'196->202->201->200->203->205->204->208->207'),(196,208,'196->202->201->200->203->205->204->208'),(196,209,'196->195->194->198->199->209'),(196,210,'196->195->194->198->199->212->211->210'),(196,211,'196->195->194->198->199->212->211'),(196,212,'196->195->194->198->199->212'),(196,213,'196->195->194->213'),(196,214,'196->195->194->198->199->206->215->214'),(196,215,'196->195->194->198->199->206->215'),(197,194,'197->196->195->194'),(197,195,'197->196->195'),(197,196,'197->196'),(197,198,'197->196->195->194->198'),(197,199,'197->196->195->194->198->199'),(197,200,'197->196->202->201->200'),(197,201,'197->196->202->201'),(197,202,'197->196->202'),(197,203,'197->196->202->201->200->203'),(197,204,'197->196->202->201->200->203->205->204'),(197,205,'197->196->202->201->200->203->205'),(197,206,'197->196->195->194->198->199->206'),(197,207,'197->196->202->201->200->203->205->204->208->207'),(197,208,'197->196->202->201->200->203->205->204->208'),(197,209,'197->196->195->194->198->199->209'),(197,210,'197->196->195->194->198->199->212->211->210'),(197,211,'197->196->195->194->198->199->212->211'),(197,212,'197->196->195->194->198->199->212'),(197,213,'197->196->195->194->213'),(197,214,'197->196->195->194->198->199->206->215->214'),(197,215,'197->196->195->194->198->199->206->215'),(198,194,'198->194'),(198,195,'198->194->195'),(198,196,'198->194->195->196'),(198,197,'198->194->195->196->197'),(198,199,'198->199'),(198,200,'198->194->201->200'),(198,201,'198->194->201'),(198,202,'198->194->201->202'),(198,203,'198->199->209->205->203'),(198,204,'198->199->209->205->204'),(198,205,'198->199->209->205'),(198,206,'198->199->206'),(198,207,'198->199->209->205->204->208->207'),(198,208,'198->199->209->205->204->208'),(198,209,'198->199->209'),(198,210,'198->199->212->211->210'),(198,211,'198->199->212->211'),(198,212,'198->199->212'),(198,213,'198->194->213'),(198,214,'198->199->206->215->214'),(198,215,'198->199->206->215'),(199,194,'199->198->194'),(199,195,'199->198->194->195'),(199,196,'199->198->194->195->196'),(199,197,'199->198->194->195->196->197'),(199,198,'199->198'),(199,200,'199->198->194->201->200'),(199,201,'199->198->194->201'),(199,202,'199->198->194->201->202'),(199,203,'199->209->205->203'),(199,204,'199->209->205->204'),(199,205,'199->209->205'),(199,206,'199->206'),(199,207,'199->209->205->204->208->207'),(199,208,'199->209->205->204->208'),(199,209,'199->209'),(199,210,'199->212->211->210'),(199,211,'199->212->211'),(199,212,'199->212'),(199,213,'199->213'),(199,214,'199->206->215->214'),(199,215,'199->206->215'),(200,194,'200->201->194'),(200,195,'200->201->194->195'),(200,196,'200->201->202->196'),(200,197,'200->201->202->196->197'),(200,198,'200->201->194->198'),(200,199,'200->201->194->198->199'),(200,201,'200->201'),(200,202,'200->201->202'),(200,203,'200->203'),(200,204,'200->203->205->204'),(200,205,'200->203->205'),(200,206,'200->203->205->206'),(200,207,'200->203->205->204->208->207'),(200,208,'200->203->205->204->208'),(200,209,'200->203->205->209'),(200,210,'200->201->194->198->199->212->211->210'),(200,211,'200->201->194->198->199->212->211'),(200,212,'200->201->194->198->199->212'),(200,213,'200->201->194->213'),(200,214,'200->203->205->206->215->214'),(200,215,'200->203->205->206->215'),(201,194,'201->194'),(201,195,'201->194->195'),(201,196,'201->202->196'),(201,197,'201->202->196->197'),(201,198,'201->194->198'),(201,199,'201->194->198->199'),(201,200,'201->200'),(201,202,'201->202'),(201,203,'201->200->203'),(201,204,'201->200->203->205->204'),(201,205,'201->200->203->205'),(201,206,'201->194->198->199->206'),(201,207,'201->200->203->205->204->208->207'),(201,208,'201->200->203->205->204->208'),(201,209,'201->194->198->199->209'),(201,210,'201->194->198->199->212->211->210'),(201,211,'201->194->198->199->212->211'),(201,212,'201->194->198->199->212'),(201,213,'201->194->213'),(201,214,'201->194->198->199->206->215->214'),(201,215,'201->194->198->199->206->215'),(202,194,'202->201->194'),(202,195,'202->201->194->195'),(202,196,'202->196'),(202,197,'202->196->197'),(202,198,'202->201->194->198'),(202,199,'202->201->194->198->199'),(202,200,'202->201->200'),(202,201,'202->201'),(202,203,'202->201->200->203'),(202,204,'202->201->200->203->205->204'),(202,205,'202->201->200->203->205'),(202,206,'202->201->194->198->199->206'),(202,207,'202->201->200->203->205->204->208->207'),(202,208,'202->201->200->203->205->204->208'),(202,209,'202->201->194->198->199->209'),(202,210,'202->201->194->198->199->212->211->210'),(202,211,'202->201->194->198->199->212->211'),(202,212,'202->201->194->198->199->212'),(202,213,'202->201->194->213'),(202,214,'202->201->194->198->199->206->215->214'),(202,215,'202->201->194->198->199->206->215'),(203,194,'203->200->201->194'),(203,195,'203->200->201->194->195'),(203,196,'203->200->201->202->196'),(203,197,'203->200->201->202->196->197'),(203,198,'203->205->209->199->198'),(203,199,'203->205->209->199'),(203,200,'203->200'),(203,201,'203->200->201'),(203,202,'203->200->201->202'),(203,204,'203->205->204'),(203,205,'203->205'),(203,206,'203->205->206'),(203,207,'203->205->204->208->207'),(203,208,'203->205->204->208'),(203,209,'203->205->209'),(203,210,'203->205->209->199->212->211->210'),(203,211,'203->205->209->199->212->211'),(203,212,'203->205->209->199->212'),(203,213,'203->200->201->194->213'),(203,214,'203->205->206->215->214'),(203,215,'203->205->206->215'),(204,194,'204->205->209->199->198->194'),(204,195,'204->205->209->199->198->194->195'),(204,196,'204->205->203->200->201->202->196'),(204,197,'204->205->203->200->201->202->196->197'),(204,198,'204->205->209->199->198'),(204,199,'204->205->209->199'),(204,200,'204->205->203->200'),(204,201,'204->205->203->200->201'),(204,202,'204->205->203->200->201->202'),(204,203,'204->205->203'),(204,205,'204->205'),(204,206,'204->205->206'),(204,207,'204->208->207'),(204,208,'204->208'),(204,209,'204->205->209'),(204,210,'204->205->209->199->212->211->210'),(204,211,'204->205->209->199->212->211'),(204,212,'204->205->209->199->212'),(204,213,'204->205->209->199->213'),(204,214,'204->205->206->215->214'),(204,215,'204->205->206->215'),(205,194,'205->209->199->198->194'),(205,195,'205->209->199->198->194->195'),(205,196,'205->203->200->201->202->196'),(205,197,'205->203->200->201->202->196->197'),(205,198,'205->209->199->198'),(205,199,'205->209->199'),(205,200,'205->203->200'),(205,201,'205->203->200->201'),(205,202,'205->203->200->201->202'),(205,203,'205->203'),(205,204,'205->204'),(205,206,'205->206'),(205,207,'205->204->208->207'),(205,208,'205->204->208'),(205,209,'205->209'),(205,210,'205->209->199->212->211->210'),(205,211,'205->209->199->212->211'),(205,212,'205->209->199->212'),(205,213,'205->209->199->213'),(205,214,'205->206->215->214'),(205,215,'205->206->215'),(206,194,'206->199->198->194'),(206,195,'206->199->198->194->195'),(206,196,'206->199->198->194->195->196'),(206,197,'206->199->198->194->195->196->197'),(206,198,'206->199->198'),(206,199,'206->199'),(206,200,'206->205->203->200'),(206,201,'206->199->198->194->201'),(206,202,'206->199->198->194->201->202'),(206,203,'206->205->203'),(206,204,'206->205->204'),(206,205,'206->205'),(206,207,'206->205->204->208->207'),(206,208,'206->205->204->208'),(206,209,'206->199->209'),(206,210,'206->199->212->211->210'),(206,211,'206->199->212->211'),(206,212,'206->199->212'),(206,213,'206->199->213'),(206,214,'206->215->214'),(206,215,'206->215'),(207,194,'207->208->204->205->209->199->198->194'),(207,195,'207->208->204->205->209->199->198->194->195'),(207,196,'207->208->204->205->203->200->201->202->196'),(207,197,'207->208->204->205->203->200->201->202->196->197'),(207,198,'207->208->204->205->209->199->198'),(207,199,'207->208->204->205->209->199'),(207,200,'207->208->204->205->203->200'),(207,201,'207->208->204->205->203->200->201'),(207,202,'207->208->204->205->203->200->201->202'),(207,203,'207->208->204->205->203'),(207,204,'207->208->204'),(207,205,'207->208->204->205'),(207,206,'207->208->204->205->206'),(207,208,'207->208'),(207,209,'207->208->204->205->209'),(207,210,'207->208->204->205->209->199->212->211->210'),(207,211,'207->208->204->205->209->199->212->211'),(207,212,'207->208->204->205->209->199->212'),(207,213,'207->208->204->205->209->199->213'),(207,214,'207->208->204->205->206->215->214'),(207,215,'207->208->204->205->206->215'),(208,194,'208->204->205->209->199->198->194'),(208,195,'208->204->205->209->199->198->194->195'),(208,196,'208->204->205->203->200->201->202->196'),(208,197,'208->204->205->203->200->201->202->196->197'),(208,198,'208->204->205->209->199->198'),(208,199,'208->204->205->209->199'),(208,200,'208->204->205->203->200'),(208,201,'208->204->205->203->200->201'),(208,202,'208->204->205->203->200->201->202'),(208,203,'208->204->205->203'),(208,204,'208->204'),(208,205,'208->204->205'),(208,206,'208->204->205->206'),(208,207,'208->207'),(208,209,'208->204->205->209'),(208,210,'208->204->205->209->199->212->211->210'),(208,211,'208->204->205->209->199->212->211'),(208,212,'208->204->205->209->199->212'),(208,213,'208->204->205->209->199->213'),(208,214,'208->204->205->206->215->214'),(208,215,'208->204->205->206->215'),(209,194,'209->199->198->194'),(209,195,'209->199->198->194->195'),(209,196,'209->199->198->194->195->196'),(209,197,'209->199->198->194->195->196->197'),(209,198,'209->199->198'),(209,199,'209->199'),(209,200,'209->205->203->200'),(209,201,'209->199->198->194->201'),(209,202,'209->199->198->194->201->202'),(209,203,'209->205->203'),(209,204,'209->205->204'),(209,205,'209->205'),(209,206,'209->199->206'),(209,207,'209->205->204->208->207'),(209,208,'209->205->204->208'),(209,210,'209->199->212->211->210'),(209,211,'209->199->212->211'),(209,212,'209->199->212'),(209,213,'209->199->213'),(209,214,'209->199->206->215->214'),(209,215,'209->199->206->215'),(210,194,'210->211->212->199->198->194'),(210,195,'210->211->212->199->198->194->195'),(210,196,'210->211->212->199->198->194->195->196'),(210,197,'210->211->212->199->198->194->195->196->197'),(210,198,'210->211->212->199->198'),(210,199,'210->211->212->199'),(210,200,'210->211->212->199->198->194->201->200'),(210,201,'210->211->212->199->198->194->201'),(210,202,'210->211->212->199->198->194->201->202'),(210,203,'210->211->212->199->209->205->203'),(210,204,'210->211->212->199->209->205->204'),(210,205,'210->211->212->199->209->205'),(210,206,'210->211->212->199->206'),(210,207,'210->211->212->199->209->205->204->208->207'),(210,208,'210->211->212->199->209->205->204->208'),(210,209,'210->211->212->199->209'),(210,211,'210->211'),(210,212,'210->211->212'),(210,213,'210->211->212->199->213'),(210,214,'210->211->212->199->206->215->214'),(210,215,'210->211->212->199->206->215'),(211,194,'211->212->199->198->194'),(211,195,'211->212->199->198->194->195'),(211,196,'211->212->199->198->194->195->196'),(211,197,'211->212->199->198->194->195->196->197'),(211,198,'211->212->199->198'),(211,199,'211->212->199'),(211,200,'211->212->199->198->194->201->200'),(211,201,'211->212->199->198->194->201'),(211,202,'211->212->199->198->194->201->202'),(211,203,'211->212->199->209->205->203'),(211,204,'211->212->199->209->205->204'),(211,205,'211->212->199->209->205'),(211,206,'211->212->199->206'),(211,207,'211->212->199->209->205->204->208->207'),(211,208,'211->212->199->209->205->204->208'),(211,209,'211->212->199->209'),(211,210,'211->210'),(211,212,'211->212'),(211,213,'211->212->199->213'),(211,214,'211->212->199->206->215->214'),(211,215,'211->212->199->206->215'),(212,194,'212->199->198->194'),(212,195,'212->199->198->194->195'),(212,196,'212->199->198->194->195->196'),(212,197,'212->199->198->194->195->196->197'),(212,198,'212->199->198'),(212,199,'212->199'),(212,200,'212->199->198->194->201->200'),(212,201,'212->199->198->194->201'),(212,202,'212->199->198->194->201->202'),(212,203,'212->199->209->205->203'),(212,204,'212->199->209->205->204'),(212,205,'212->199->209->205'),(212,206,'212->199->206'),(212,207,'212->199->209->205->204->208->207'),(212,208,'212->199->209->205->204->208'),(212,209,'212->199->209'),(212,210,'212->211->210'),(212,211,'212->211'),(212,213,'212->199->213'),(212,214,'212->199->206->215->214'),(212,215,'212->199->206->215'),(213,194,'213->194'),(213,195,'213->194->195'),(213,196,'213->194->195->196'),(213,197,'213->194->195->196->197'),(213,198,'213->194->198'),(213,199,'213->199'),(213,200,'213->194->201->200'),(213,201,'213->194->201'),(213,202,'213->194->201->202'),(213,203,'213->194->201->200->203'),(213,204,'213->199->209->205->204'),(213,205,'213->199->209->205'),(213,206,'213->199->206'),(213,207,'213->199->209->205->204->208->207'),(213,208,'213->199->209->205->204->208'),(213,209,'213->199->209'),(213,210,'213->199->212->211->210'),(213,211,'213->199->212->211'),(213,212,'213->199->212'),(213,214,'213->199->206->215->214'),(213,215,'213->199->206->215'),(214,194,'214->215->206->199->198->194'),(214,195,'214->215->206->199->198->194->195'),(214,196,'214->215->206->199->198->194->195->196'),(214,197,'214->215->206->199->198->194->195->196->197'),(214,198,'214->215->206->199->198'),(214,199,'214->215->206->199'),(214,200,'214->215->206->205->203->200'),(214,201,'214->215->206->199->198->194->201'),(214,202,'214->215->206->199->198->194->201->202'),(214,203,'214->215->206->205->203'),(214,204,'214->215->206->205->204'),(214,205,'214->215->206->205'),(214,206,'214->215->206'),(214,207,'214->215->206->205->204->208->207'),(214,208,'214->215->206->205->204->208'),(214,209,'214->215->206->199->209'),(214,210,'214->215->206->199->212->211->210'),(214,211,'214->215->206->199->212->211'),(214,212,'214->215->206->199->212'),(214,213,'214->215->206->199->213'),(214,215,'214->215'),(215,194,'215->206->199->198->194'),(215,195,'215->206->199->198->194->195'),(215,196,'215->206->199->198->194->195->196'),(215,197,'215->206->199->198->194->195->196->197'),(215,198,'215->206->199->198'),(215,199,'215->206->199'),(215,200,'215->206->205->203->200'),(215,201,'215->206->199->198->194->201'),(215,202,'215->206->199->198->194->201->202'),(215,203,'215->206->205->203'),(215,204,'215->206->205->204'),(215,205,'215->206->205'),(215,206,'215->206'),(215,207,'215->206->205->204->208->207'),(215,208,'215->206->205->204->208'),(215,209,'215->206->199->209'),(215,210,'215->206->199->212->211->210'),(215,211,'215->206->199->212->211'),(215,212,'215->206->199->212'),(215,213,'215->206->199->213'),(215,214,'215->214');
/*!40000 ALTER TABLE `bus_path` ENABLE KEYS */;
UNLOCK TABLES;

--
-- Table structure for table `point_info`
--

DROP TABLE IF EXISTS `point_info`;
/*!40101 SET @saved_cs_client     = @@character_set_client */;
/*!40101 SET character_set_client = utf8 */;
CREATE TABLE `point_info` (
  `p_id` int(11) NOT NULL AUTO_INCREMENT,
  `axis_x` int(11) NOT NULL,
  `axis_y` int(11) NOT NULL,
  `type` int(11) NOT NULL,
  PRIMARY KEY (`p_id`)
) ENGINE=InnoDB AUTO_INCREMENT=216 DEFAULT CHARSET=utf8;
/*!40101 SET character_set_client = @saved_cs_client */;

--
-- Dumping data for table `point_info`
--

LOCK TABLES `point_info` WRITE;
/*!40000 ALTER TABLE `point_info` DISABLE KEYS */;
INSERT INTO `point_info` VALUES (194,2308,1365,2),(195,2299,1495,2),(196,2155,1516,2),(197,2145,1558,2),(198,2332,1259,2),(199,2371,1162,2),(200,2221,1226,1),(201,2232,1352,1),(202,2147,1354,1),(203,2200,1064,2),(204,2088,1022,1),(205,2247,1009,2),(206,2355,1087,2),(207,1956,1314,1),(208,1964,1135,1),(209,2307,1113,1),(210,2536,1286,2),(211,2549,1207,1),(212,2455,1230,1),(213,2397,1349,1),(214,2557,1063,1),(215,2453,1065,1);
/*!40000 ALTER TABLE `point_info` ENABLE KEYS */;
UNLOCK TABLES;

--
-- Table structure for table `point_name`
--

DROP TABLE IF EXISTS `point_name`;
/*!40101 SET @saved_cs_client     = @@character_set_client */;
/*!40101 SET character_set_client = utf8 */;
CREATE TABLE `point_name` (
  `p_id` int(11) NOT NULL,
  `name_th` varchar(250) NOT NULL,
  `name_en` varchar(250) NOT NULL,
  KEY `p_id_idx` (`p_id`),
  CONSTRAINT `point_name_p_id` FOREIGN KEY (`p_id`) REFERENCES `point_info` (`p_id`) ON DELETE NO ACTION ON UPDATE NO ACTION
) ENGINE=InnoDB DEFAULT CHARSET=utf8;
/*!40101 SET character_set_client = @saved_cs_client */;

--
-- Dumping data for table `point_name`
--

LOCK TABLES `point_name` WRITE;
/*!40000 ALTER TABLE `point_name` DISABLE KEYS */;
INSERT INTO `point_name` VALUES (197,'P1','P1'),(199,'P2','P2'),(195,'P4','P4'),(203,'P3','P3'),(210,'P5','P5'),(196,'AA1','AA1'),(194,'AA2','AA2'),(205,'AA3','AA3'),(198,'AA4','AA4'),(206,'B','B');
/*!40000 ALTER TABLE `point_name` ENABLE KEYS */;
UNLOCK TABLES;
/*!40103 SET TIME_ZONE=@OLD_TIME_ZONE */;

/*!40101 SET SQL_MODE=@OLD_SQL_MODE */;
/*!40014 SET FOREIGN_KEY_CHECKS=@OLD_FOREIGN_KEY_CHECKS */;
/*!40014 SET UNIQUE_CHECKS=@OLD_UNIQUE_CHECKS */;
/*!40101 SET CHARACTER_SET_CLIENT=@OLD_CHARACTER_SET_CLIENT */;
/*!40101 SET CHARACTER_SET_RESULTS=@OLD_CHARACTER_SET_RESULTS */;
/*!40101 SET COLLATION_CONNECTION=@OLD_COLLATION_CONNECTION */;
/*!40111 SET SQL_NOTES=@OLD_SQL_NOTES */;

-- Dump completed on 2016-02-21 18:56:45
